mabrouki;amin;14203250;amin123@gmail.com;RH
mahmoudi;ines;14254448;mariem@gmail.com;secretaire
trablesi;hedia;14201648;rima@gmail.com;responsable
jlasi;jasser;14253777;montasar@gmail.com;secretaire
mejri;arij;14253698;akrem@gmail.com;responsable
mbarki;hamza;14253999;makrem@gmail.cpm;RH
argoubi;ahmed;12365364;ahmed@gmail.com;secretaire
zid;yasmin;88853648;senda@gmail.com;responsable
tounsi;salah;14253648;manel@gmail.com;secretaire
bohli;wajdi;14253000;marwa@gmail.com;responsable
haji;wejden;14253111;sondes@gmail.com;secretaire
